CREATE TABLE t3 (a INT PRIMARY KEY);
SET GLOBAL innodb_fast_shutdown = 0;
# restart: --datadir=WORK_COPY
### Executing scenario 1, script 1
DROP TABLE t3;
CREATE TABLE t3 (a INT PRIMARY KEY);
INSERT INTO t3 VALUES (1), (4) ,(5);
SELECT * FROM INFORMATION_SCHEMA.FILES;
SELECT * FROM INFORMATION_SCHEMA.INNODB_TABLESPACES;
include/stop_mysqld.inc [server 1]
# restart: --datadir=WORK_COPY
### Executing scenario 2, script 1
DROP TABLE t3;
CREATE TABLE t3 (a INT PRIMARY KEY);
INSERT INTO t3 VALUES (1), (4) ,(5);
SELECT * FROM INFORMATION_SCHEMA.FILES;
SELECT * FROM INFORMATION_SCHEMA.INNODB_TABLESPACES;
include/stop_mysqld.inc [server 1]
# restart: --datadir=WORK_COPY
### Executing scenario 1, script 2
DROP TABLE t3;
CREATE TABLE t3 (a INT PRIMARY KEY);
INSERT INTO t3 VALUES (1), (4) ,(5);
SELECT * FROM INFORMATION_SCHEMA.FILES;
SELECT * FROM INFORMATION_SCHEMA.INNODB_TABLESPACES;
# Kill the server
# restart: --datadir=WORK_COPY
### Executing scenario 2, script 2
DROP TABLE t3;
CREATE TABLE t3 (a INT PRIMARY KEY);
INSERT INTO t3 VALUES (1), (4) ,(5);
SELECT * FROM INFORMATION_SCHEMA.FILES;
SELECT * FROM INFORMATION_SCHEMA.INNODB_TABLESPACES;
# Kill the server
# restart: --datadir=WORK_COPY
### Executing scenario 1, script 3
DROP TABLE t3;
CREATE TABLE t3 (a INT PRIMARY KEY);
INSERT INTO t3 VALUES (1), (4) ,(5);
SELECT * FROM INFORMATION_SCHEMA.FILES;
SELECT * FROM INFORMATION_SCHEMA.INNODB_TABLESPACES;
# Kill and restart: --datadir=WORK_COPY
### Executing scenario 2, script 3
DROP TABLE t3;
CREATE TABLE t3 (a INT PRIMARY KEY);
INSERT INTO t3 VALUES (1), (4) ,(5);
SELECT * FROM INFORMATION_SCHEMA.FILES;
SELECT * FROM INFORMATION_SCHEMA.INNODB_TABLESPACES;
# Kill and restart: --datadir=WORK_COPY
# Kill and restart:
DROP TABLE t3;
