include/rpl/init_source_replica.inc
Warnings:
Note	####	Sending passwords in plain text without SSL/TLS is extremely insecure.
Note	####	Storing MySQL user name or password information in the connection metadata repository is not secure and is therefore not recommended. Please consider using the USER and PASSWORD connection options for START REPLICA; see the 'START REPLICA Syntax' in the MySQL Manual for more information.
[connection master]
include/rpl/stop_replica.inc
include/rpl/start_replica.inc
SET GLOBAL event_scheduler = ON;
CREATE TABLE t1 (i INT NOT NULL AUTO_INCREMENT PRIMARY KEY, f varchar(8)) ENGINE=ENGINE_TYPE;
INSERT INTO t1 (f) VALUES ('a'),('a'),('a'),('a'),('a');
INSERT INTO t1 SELECT i+5, f FROM t1;
INSERT INTO t1 SELECT i+10, f FROM t1;
CREATE EVENT ev1 ON SCHEDULE EVERY 1 SECOND
DO INSERT INTO t1 VALUES (SLEEP(5),CONCAT('ev1_',CONNECTION_ID()));
CREATE EVENT ev2 ON SCHEDULE EVERY 1 SECOND
DO INSERT INTO t1 VALUES (SLEEP(5),CONCAT('ev2_',CONNECTION_ID()));
STOP REPLICA IO_THREAD;
UPDATE t1 SET f = CONCAT('up_',CONNECTION_ID()) WHERE i = 20;
UPDATE t1 SET f = CONCAT('up_',CONNECTION_ID()) WHERE i = 19;
UPDATE t1 SET f = CONCAT('up_',CONNECTION_ID()) WHERE i = 18;
UPDATE t1 SET f = CONCAT('up_',CONNECTION_ID()) WHERE i = 17;
UPDATE t1 SET f = CONCAT('up_',CONNECTION_ID()) WHERE i = 16;
UPDATE t1 SET f = CONCAT('up_',CONNECTION_ID()) WHERE i = 15;
UPDATE t1 SET f = CONCAT('up_',CONNECTION_ID()) WHERE i = 14;
UPDATE t1 SET f = CONCAT('up_',CONNECTION_ID()) WHERE i = 13;
UPDATE t1 SET f = CONCAT('up_',CONNECTION_ID()) WHERE i = 12;
UPDATE t1 SET f = CONCAT('up_',CONNECTION_ID()) WHERE i = 11;
UPDATE t1 SET f = CONCAT('up_',CONNECTION_ID()) WHERE i = 10;
UPDATE t1 SET f = CONCAT('up_',CONNECTION_ID()) WHERE i = 9;
UPDATE t1 SET f = CONCAT('up_',CONNECTION_ID()) WHERE i = 8;
UPDATE t1 SET f = CONCAT('up_',CONNECTION_ID()) WHERE i = 7;
UPDATE t1 SET f = CONCAT('up_',CONNECTION_ID()) WHERE i = 6;
UPDATE t1 SET f = CONCAT('up_',CONNECTION_ID()) WHERE i = 5;
UPDATE t1 SET f = CONCAT('up_',CONNECTION_ID()) WHERE i = 4;
UPDATE t1 SET f = CONCAT('up_',CONNECTION_ID()) WHERE i = 3;
UPDATE t1 SET f = CONCAT('up_',CONNECTION_ID()) WHERE i = 2;
UPDATE t1 SET f = CONCAT('up_',CONNECTION_ID()) WHERE i = 1;
SET @old_event_scheduler= @@global.event_scheduler;
SET GLOBAL event_scheduler = OFF;
include/rpl/stop_replica.inc
UNINSTALL PLUGIN rpl_semi_sync_replica;
include/rpl/stop_dump_threads.inc
UNINSTALL PLUGIN rpl_semi_sync_source;
include/rpl/start_replica.inc
DROP EVENT ev1;
DROP EVENT ev2;
DROP TABLE t1;
SET @@global.event_scheduler= @old_event_scheduler;
include/rpl/sync_to_replica.inc
include/rpl/deinit.inc
