#
# 35289234 - Can't disable encryption once redo log encryption is enabled
#
# ----------------------------------------------------------------------
# Setup
# Creating local configuration file for keyring component: component_keyring_file
# Creating manifest file for current MySQL server instance
# Re-starting mysql server with manifest file
# ----------------------------------------------------------------------
# restart: --innodb_redo_log_encrypt=ON --plugin-dir=PLUGIN_DIR_OPT
SHOW VARIABLES LIKE "%innodb_redo_log_encrypt%";
Variable_name	Value
innodb_redo_log_encrypt	ON
CREATE TABLE t1(c1 INT, c2 char(20)) ENGINE = InnoDB;
SHOW CREATE TABLE t1;
Table	Create Table
t1	CREATE TABLE `t1` (
  `c1` int DEFAULT NULL,
  `c2` char(20) DEFAULT NULL
) ENGINE=InnoDB DEFAULT CHARSET=utf8mb4 COLLATE=utf8mb4_0900_ai_ci
INSERT INTO t1 VALUES(0, "aaaaa");
INSERT INTO t1 VALUES(1, "bbbbb");
INSERT INTO t1 VALUES(2, "ccccc");
INSERT INTO t1 VALUES(3, "ddddd");
INSERT INTO t1 VALUES(4, "eeeee");
INSERT INTO t1 VALUES(5, "fffff");
INSERT INTO t1 VALUES(6, "ggggg");
INSERT INTO t1 VALUES(7, "hhhhh");
INSERT INTO t1 VALUES(8, "iiiii");
INSERT INTO t1 VALUES(9, "jjjjj");
INSERT INTO t1 select * from t1;
INSERT INTO t1 select * from t1;
INSERT INTO t1 select * from t1;
INSERT INTO t1 select * from t1;
INSERT INTO t1 select * from t1;
INSERT INTO t1 select * from t1;
SELECT * FROM t1 ORDER BY c1 LIMIT 10;
c1	c2
0	aaaaa
0	aaaaa
0	aaaaa
0	aaaaa
0	aaaaa
0	aaaaa
0	aaaaa
0	aaaaa
0	aaaaa
0	aaaaa
SET GLOBAL innodb_redo_log_encrypt=OFF;
Do a slow shutdowm
SET GLOBAL innodb_fast_shutdown = 0;
# Removing manifest file for current MySQL server instance
# Removing local keyring file for keyring component: component_keyring_file
# Removing local configuration file for keyring component: component_keyring_file
Restart with no encryption and no key_ring
# restart:
SHOW VARIABLES LIKE "%innodb_redo_log_encrypt%";
Variable_name	Value
innodb_redo_log_encrypt	OFF
SELECT * FROM t1 ORDER BY c1 LIMIT 10;
c1	c2
0	aaaaa
0	aaaaa
0	aaaaa
0	aaaaa
0	aaaaa
0	aaaaa
0	aaaaa
0	aaaaa
0	aaaaa
0	aaaaa
DROP TABLE t1;
